"","text"
"1"," vaksin  rcaya abang janji abang delete rcaya lak"
"2"," vaksin  rcaya l kurus rcaya bagus"
"3"," vaksin  rcaya l kurus rcaya bagus"
"4"," testimoni ra dokter yg  menjalani vaksinasi   vaksin sinovac aman efektif suci halal thayyib masi"
"5"," vaksin  rcaya l kurus rcaya bagus"
"6"," vaksin  rcaya l kurus rcaya bagus"
"7"," vaksin  rcaya ds man mintak  rcaya ak"
"8"," sinovac     tahauji   keamanan  efektifitasnyauji klinik fase"
"9"," vaksin  rcaya l kurus rcaya bagus"
"10"," tipe tipe ekspresi muka   vaksin chek "
"11","  chierick   botol vaksin corona  barcode "
"12"," vaksin  rcaya  mengandung makan kicaanak  hitam rcaya lak"
"13"," masyarakat jngn mudah rcaya hoax vaksin   nyebar hoax vaksin  terdat uu ite terkait nyebaran h"
"14"," vaksin  rcaya l kurus rcaya bagus"
"15"," emang  ngehallalin vaksin murah  ngehallalin ciwi aje butuh biaya gk sdikit "
"16"," vaksin  rcaya l kurus rcaya bagus"
"17"," vaksin  rcaya abang janji abang delete rcaya lak"
"18"," vaksin  rcaya l kurus rcaya bagus"
"19"," vaksin  rcaya janji manis lelaki rcaya ak"
"20"," vaksin  rcaya rahsia anak rtama sami anak  rcaya lak"
"21"," vaksin  rcaya l kurus rcaya bagus"
"22","wkwkwkwkkwwk kawanku   ga percaya vaksin  percaya pil kurus  pil  "
"23","vaksin  rcaya rahsia tahi lalat melekat kat tubuh rcaya lak "
"24"," sti info   ketersediaan vaksin   wacana meresahkan kadang   habis kir begit "
"25"," vaksin  rcaya  mengandung makan kicaanak  hitam rcaya lak"
"26"," vaksin  rcaya abang janji abang delete rcaya lak"
"27"," vaksin  rcaya rahsia anak rtama sami anak  rcaya lak"
"28"," vaksin  rcaya  mengandung makan kicaanak  hitam rcaya lak"
"29"," vaksin  rcaya l kurus rcaya bagus"
"30","  orang nomor   indonesia bak menerima vaksin c  rtama  bentuk tanggungjawab "
"31"," vaksin  rcaya l kurus rcaya bagus"
"32","  nies nyerah  lemr handuk krn tdk sanggulagi menangani covid   merintah sat utk mengambil"
"33"," vaksin  rcaya janji manis lelaki rcaya ak"
"34"," vaksin  rcaya ds man mintak  rcaya ak"
"35"," gilakkk     teriak rugi  diden k  digarong sm oknum berengsek  terb"
"36"," vaksin  rcaya  mengandung makan kicaanak  hitam rcaya lak"
"37"," info  vaksinuntuk nggunaan vaksin  bpom    produksi  tahadistribusi keseluruha"
"38"," vaksin  rcaya  mengandung makan kicaanak  hitam rcaya lak"
"39"," vaksin  rcaya abang janji abang delete rcaya lak"
"40"," vaksin  rcaya  mengandung makan kicaanak  hitam rcaya lak"
"41","  rujuk nasihat artis ahli litik guru lsu nyokong vaksin rujuklah waris rasul "
"42"," masyarakat   khawatir vaksin sinovac aman halalsuci  efektif fix ya  "
"43"," vaksin  rcaya l kurus rcaya bagus"
"44","   main  rcaya al quran am hadis dah  rcaya la zodiac am agenda illuminati hahahaha bodoh nya"
"45"," vaksin  rcaya l kurus rcaya bagus"
"46"," vaksin  rcaya l kurus rcaya bagus"
"47"," vaksin  rcaya  mengandung makan kicaanak  hitam rcaya lak"
"48"," vaksin  rcaya l kurus rcaya bagus"
"49"," vaksin  rcaya l kurus rcaya bagus"
"50"," vaksin gratis    bpjs mbak"
"51"," vaksin  rcaya l kurus rcaya bagus"
"52"," vaksin  rcaya rahsia anak rtama sami anak  rcaya lak"
"53","   g rcaya vaksin yg "
"54"," vaksin  rcaya  mengandung makan kicaanak  hitam rcaya lak"
"55"," vaksin sinovac aman    wasdai narasi  nyinyiran  salah am kliru  keamanan vaksin sinovac  ya"
"56"," vaksin  rcaya  boyf cakatakde chat reman rcaya lak"
"57"," vaksin  rcaya janji manis lelaki rcaya ak"
"58","  seru nich babak   ditunggu masyarakat luassegera terbongkar    penyandang dana fpipub"
"59"," vaksin  rcaya janji manis lelaki rcaya ak"
"60"," vaksin  rcaya abang janji abang delete rcaya lak"
"61","pengen mer vaksin  euy"
"62"," vaksin  rcaya  mengandung makan kicaanak  hitam rcaya lak"
"63"," vaksin  rcaya janji manis lelaki rcaya ak"
"64"," vaksin  rcaya  mengandung makan kicaanak  hitam rcaya lak"
"65"," vaksin  rcaya  mengandung makan kicaanak  hitam rcaya lak"
"66"," vaksin  rcaya l kurus rcaya bagus"
"67"," vaksin  rcaya l kurus rcaya bagus"
"68"," vaksin  rcaya  mengandung makan kicaanak  hitam rcaya lak"
"69","majelis ulama indonesia mui n  mengeluarkan fatwa kehalalan vaksin sinovac  memrtimbangkan oses "
"70"," vaksin  rcaya rahsia anak rtama sami anak  rcaya lak"
"71"," vaksin  rcaya duduk  bantal tumbuh bisul rcaya lak"
"72"," vaksin  rcaya janji manis lelaki rcaya ak"
"73","yg berhijab sting   vaksin lengan baju  angkat a  a  aurat yg  umbar  sosmed  iya s "
"74"," feheemmmm kakak kona  siadi vaksin "
"75"," vaksin  rcaya  mengandung makan kicaanak  hitam rcaya lak"
"76"," vaksin  rcaya janji manis lelaki rcaya ak"
"77"," vaksin  rcaya janji manis lelaki rcaya ak"
"78"," penyebar hoax kasdim gresik meninggal  vaksin  na "
"79","  kamng ku tolak vaksin  gkbrnah rcaya korona"
"80"," vaksin  rcaya l kurus rcaya bagus"
"81"," vaksin  rcaya abang janji abang delete rcaya lak"
"82","  tetaan  ormas terlarang hamr    tindakan intoleran yg   ovokasi  me "
"83"," vaksin  rcaya  mengandung makan kicaanak  hitam rcaya lak"
"84"," vaksin  rcaya l kurus rcaya bagus"
"85"," vaksin  rcaya janji manis lelaki rcaya ak"
"86"," vaksin  rcaya janji manis lelaki rcaya ak"
"87"," vaksin  rcaya bercinta rcaya lak"
"88"," vaksin  rcaya l kurus rcaya bagus"
"89"," vaksin  rcaya abang janji abang delete rcaya lak"
"90"," sungguh  bertanggungjawab sia  edit video  menuduh ramai  ngsan akibat  vaksin c video   v"
"91"," vaksin  rcaya janji manis lelaki rcaya ak"
"92","  presiden divaksin  artis  influencer  divaksin c   masyarakat luas  rlu me"
"93"," vaksin  rcaya  mengandung makan kicaanak  hitam rcaya lak"
"94"," vaksin  rcaya l kurus rcaya bagus"
"95","    oi vaksin mandiri  nkri  dat meningkatkan ketidakadikan  layanan kesehatan  vaksinasi dll y"
"96","testimoni ra dokter yg  menjalani vaksinasi   vaksin sinovac aman efektif suci halal thayy "
"97"," vaksin  rcaya  mengandung makan kicaanak  hitam rcaya lak"
"98"," vaksin  rcaya ds man mintak  rcaya ak"
"99"," wkwkwkwwkwkwwkwk  absurd bro asli  microchid vaksin wkwkwwkw"
"100"," vaksin  rcaya  mengandung makan kicaanak  hitam rcaya lak"
"101"," vaksin  rcaya l kurus rcaya bagus"
"102","vaksin sinovac   aman berdasarkan evaluasi khasiat vaksin sinovac  mam membentuk antibodi "
"103"," vaksin  rcaya l kurus rcaya bagus"
"104"," vaksin  rcaya  mengandung makan kicaanak  hitam rcaya lak"
"105"," vaksin sinovac  aman  halal  kena negara menganjurkan   divaksin   manfaat vaks"
"106","  relawan uji klinis sinovac bandung positif corona vaksin  bagaimanamasyarakatbutuhefpeimasyarakatbutuhefpeiht"
"107","   diberitakan kejagung memeriksa  saksi  bpjs ketenagakerjaan pemeriksaan   "
"108"," vaksin  rcaya  mengandung makan kicaanak  hitam rcaya lak"
"109"," vaksin  rcaya janji manis lelaki rcaya ak"
"110"," vaksin  rcaya l kurus rcaya bagus"
"111"," vaksin  rcaya  mengandung makan kicaanak  hitam rcaya lak"
"112","  vaksin sinovac  melewati bebera oses uji klinis bpom  vaksin c aman ditambah  ketusa"
"113"," temen gua kena covid x gejala infeksi   berat  yg rtama sam esyok asli   vaksin mendin"
"114"," vaksin  rcaya  mengandung makan kicaanak  hitam rcaya lak"
"115"," vaksin  rcaya  mengandung makan kicaanak  hitam rcaya lak"
"116"," vaksin  rcaya l kurus rcaya bagus"
"117"," vaksin  rcaya ds man mintak  rcaya ak"
"118","  chierick   botol vaksin corona  barcode "
"119"," vaksin    utk  kmu  yg  untungkan tjg utk  yg  cintai    sekelilingmu  "
"120","  penggeledahan tsb  senin kemarinsementara    nyidik memeriksa  saksi jabat am karyawan "
"121"," vaksin  rcaya  mengandung makan kicaanak  hitam rcaya lak"
"122"," infografis   amankah vaksin c  samasama  ketahui  vaksin sinovac aman  hasil"
"123","  kasnkum kejagung leonard eben ezer simajuntak  keterangannya  tim nyidik   ngge"
"124","   adlh    ndemi     bs  normal seti sedia kaladsna jg g ad tu"
"125"," amankah am efektifkah vaksin sinovac     bahan rtanyaan masyarakat jawabannya  vaksin"
"126"," vaksin  rcaya l kurus rcaya bagus"
"127"," wowvaksin  tuh yaa"
"128"," vaksin  rcaya l kurus rcaya bagus"
"129"," kesaksian bbrdokter yg sdh divaksinvaksin adlh bentuk ikhtiar  meneraan otokol kesehatanjadi  ragu d"
"130"," vaksin  rcaya  mengandung makan kicaanak  hitam rcaya lak"
"131","   senin kemarin kejagung  menggeledah kantor bpjs ketenagakerjaan am menyita  dokumentangkal hoax v"
"132"," vaksin  rcaya  mengandung makan kicaanak  hitam rcaya lak"
"133","  presiden divaksin  artis  influencer  divaksin c   masyarakat luas  rlu me"
"134"," vaksin  rcaya janji manis lelaki rcaya ak"
"135"," vaksin  rcaya abang janji abang delete rcaya lak"
"136","    ngeyel ga  vaksin coba dech liat india  ber  mrka  vaksin terhadwarganyaga  tu"
"137"," pendat ahli imunologi  vaksi sinovac aman  efektif ngain   mendengarkan ndat  meng"
"138","   hoax tetawasda krn   yg mustahil vaksin msh  solusi satunya odusen ma "
"139"," vaksin  rcaya  mengandung makan kicaanak  hitam rcaya lak"
"140"," vaksin  rcaya janji manis lelaki rcaya ak"
"141","  dugaan korui  triliun kejaksaan agung  kejagung menaikkan status  dugaan korui  nyimngan ng"
"142"," vaksin  rcaya l kurus rcaya bagus"
"143"," vaksin  rcaya  mengandung makan kicaanak  hitam rcaya lak"
"144"," vaksin  rcaya rahsia anak rtama sami anak  rcaya lak"
"145"," vaksin  rcaya janji manis lelaki rcaya ak"
"146"," yg  tau  vaksin  ngertiannya bgmn vaksin   akah vaksin aman silahkan dibaca lan biar g"
"147"," vaksin  rcaya l kurus rcaya bagus"
"148"," menteri  disuntik vaksin sinovac    daftarnya"
"149"," isi thread lo udah relevan  berefikasi  kayak vaksin efektivitas tunggu sami d "
"150"," vaksin  rcaya l kurus rcaya bagus"
"151","  chierick   botol vaksin corona  barcode "
"152"," vaksin  disuntikkan keda presiden jokowi   vaksin   diterima tenaga medis  masyarakat "
"153"," vaksin  rcaya  mengandung makan kicaanak  hitam rcaya lak"
"154"," ga tebakandr  bingung dijewer ma bluebirdmari seruan yuuksoal   cmjawab  reayclue gt  c"
"155"," vaksin  rcaya  mengandung makan kicaanak  hitam rcaya lak"
"156"," vaksin  rcaya  mengandung makan kicaanak  hitam rcaya lak"
"157"," vaksin  rcaya l kurus rcaya bagus"
"158"," walaun    vaksin c  sop tetakena  vaksin  magik ianya  ikhtiar   dah "
"159","  presiden divaksin  artis  influencer  divaksin c   masyarakat luas  rlu me"
"160"," vaksin  rcaya l kurus rcaya bagus"
"161"," vaksin  rcaya duduk  bantal tumbuh bisul rcaya lak"
"162"," vaksin  rcaya l kurus rcaya bagus"
"163"," vaksin  rcaya  mengandung makan kicaanak  hitam rcaya lak"
"164"," vaksin  rcaya l kurus rcaya bagus"
"165"," vaksin  rcaya  mengandung makan kicaanak  hitam rcaya lak"
"166"," vaksin  rcaya  mengandung makan kicaanak  hitam rcaya lak"
"167"," vaksin  rcaya l kurus rcaya bagus"
"168","vaksin gk   berbentuk l gtu  suntikan "
"169"," vaksin  rcaya  mengandung makan kicaanak  hitam rcaya lak"
"170"," vaksin  rcaya janji manis lelaki rcaya ak"
"171"," pendat ahli imunologi  vaksi sinovac aman  efektif ngain   mendengarkan ndat  meng"
"172"," vaksin  rcaya  mengandung makan kicaanak  hitam rcaya lak"
"173"," vaksin  rcaya ds man mintak  rcaya ak"
"174"," vaksin  rcaya l kurus rcaya bagus"
"175"," vaksin  rcaya janji manis lelaki rcaya ak"
"176","horosco rcaya vaksin  rcaya"
"177"," vaksin  rcaya janji manis lelaki rcaya ak"
"178","  vaksin sinovac  melewati bebera oses uji klinis bpom  vaksin c aman ditambah  ketusa"
"179"," vaksin  rcaya l kurus rcaya bagus"
"180","vaksin  rcaya fake ho reman rcaya ak "
"181"," vaksin  rcaya  mengandung makan kicaanak  hitam rcaya lak"
"182"," vaksin  rcaya abang janji abang delete rcaya lak"
"183","  tangkal hoax vaksin kovid"
"184"," vaksin  rcaya abang janji abang delete rcaya lak"
"185"," vaksin  rcaya  mengandung makan kicaanak  hitam rcaya lak"
"186"," vaksin  rcaya  mengandung makan kicaanak  hitam rcaya lak"
"187"," vaksin  rcaya  mengandung makan kicaanak  hitam rcaya lak"
"188"," vaksin  rcaya l kurus rcaya bagus"
"189"," vaksin  rcaya janji manis lelaki rcaya ak"
"190"," amankah am efektifkah vaksin sinovac     bahan rtanyaan masyarakat jawabannya  vaksin"
"191"," sinovac   virus sarscov   dilemahkan  disuntikkan  memicu resn kekebalan tubuh ki"
"192","     keberkesanan am keselamatan vaksin covid  wawancara  dr kalairasu pengerusi kumla"
"193"," vaksin  rcaya l kurus rcaya bagus"
"194"," vaksin  rcaya janji manis lelaki rcaya ak"
"195"," vaksin  rcaya janji manis lelaki rcaya ak"
"196"," vaksin  rcaya rahsia anak rtama sami anak  rcaya lak"
"197"," vaksin  rcaya l kurus rcaya bagus"
"198"," vaksin  rcaya gambar random netizen uoad  caion orang   terbuka je  namk a  namk rc"
"199","bpom  mui dinilai   vaksin covid sinovac aman  halal"
"200"," vaksin  rcaya  mengandung makan kicaanak  hitam rcaya lak"
"201"," vaksin  rcaya  mengandung makan kicaanak  hitam rcaya lak"
"202"," vaksin  rcaya  mengandung makan kicaanak  hitam rcaya lak"
"203"," vaksin  rcaya l kurus rcaya bagus"
"204","   kemunculan dokter   resk  anggadia   ta  sikadia  s"
"205"," beda beda nder kucingku   tiamau dibawa vaksin sti    berisik stress gitu  r "
"206"," gaes vaksin sinovac produksi rusahaan bioteknologi berbendera china bernama sinovac biotech ltdrusahaan  bermar"
"207"," vaksin  rcaya abang janji abang delete rcaya lak"
"208","   nyinyir  vaksin   suntikkan  masyarakat       suntikkan   "
"209"," vaksin  rcaya l kurus rcaya bagus"
"210"," vaksin  rcaya abang janji abang delete rcaya lak"
"211","pemkab lamra sosialisasi vaksin covid lintas sektor "
"212"," vaksin  rcaya  mengandung makan kicaanak  hitam rcaya lak"
"213"," vaksin  rcaya abang janji abang delete rcaya lak"
"214"," vaksin  rcaya l kurus rcaya bagus"
"215","  dingkiri ketusan  diadakan  bebera negara menggratiskan vaksin"
"216"," vaksin  rcaya bercinta rcaya lak"
"217"," vaksin  rcaya l kurus rcaya bagus"
"218","   ketahui  uji klinis taha yg  lakukan diindonesia utk vaksin sinovac tingkat efikasi mencai "
"219"," manfaat vaksin  memutus mata rantai penularan penyakit  menular   kekebalan individ"
"220"," vaksin  rcaya  mengandung makan kicaanak  hitam rcaya lak"
"221"," info  vaksinuntuk nggunaan vaksin  bpom    produksi  tahadistribusi keseluruha"
"222"," vaksin  rcaya abang janji abang delete rcaya lak"
"223","  nuduh virus corona konsrasi  lahan bisnis merintah pemerintah  keras memutus nyebaran virus c"
"224"," vaksin  rcaya  mengandung makan kicaanak  hitam rcaya lak"
"225"," vaksin  rcaya  mengandung makan kicaanak  hitam rcaya lak"
"226"," vaksin  rcaya  mengandung makan kicaanak  hitam rcaya lak"
"227"," lemahdari sit  ccmenyebabkan jarum   dat menembus otot   da "
"228"," vaksin  rcaya l kurus rcaya bagus"
"229"," vaksin  rcaya l kurus rcaya bagus"
"230"," vaksin  rcaya l kurus rcaya bagus"
"231"," vaksin  rcaya  mengandung makan kicaanak  hitam rcaya lak"
"232","vaksin  rcaya horoskorcaya"
"233"," vaksin  rcaya abang janji abang delete rcaya lak"
"234"," ga tebakandr  bingung dijewer ma bluebirdmari seruan yuuksoal   cmjawab  reayclue gt  c"
"235","  yaa efikasi vaksin sinovac  indonesia mencai     anjuran who  mensyaratkan minimal "
"236"," vaksin  rcaya janji manis lelaki rcaya ak"
"237","   dr raja kmarin   omo k vaksin f f ta harga normalnya an  kayaknya"
"238"," vaksin  rcaya  mengandung makan kicaanak  hitam rcaya lak"
"239"," tim riset vaksin covid  sifat vaksin sinovac  serti vaksin nyakit influenza  berulang "
"240"," vaksin  rcaya janji manis lelaki rcaya ak"
"241"," vaksin  rcaya  mengandung makan kicaanak  hitam rcaya lak"
"242"," vaksin  rcaya  mengandung makan kicaanak  hitam rcaya lak"
"243"," vaksin  rcaya  mengandung makan kicaanak  hitam rcaya lak"
"244"," vaksin  rcaya  mengandung makan kicaanak  hitam rcaya lak"
"245"," vaksin  rcaya rahsia anak rtama sami anak  rcaya lak"
"246"," walaun    vaksin c  sop tetakena  vaksin  magik ianya  ikhtiar   dah "
"247"," vaksin  rcaya  mengandung makan kicaanak  hitam rcaya lak"
"248"," vaksin  rcaya l kurus rcaya bagus"
"249"," vaksin  rcaya janji manis lelaki rcaya ak"
"250"," sungguh  bertanggungjawab sia  edit video  menuduh ramai  ngsan akibat  vaksin c video   v"
"251"," vaksin  rcaya l kurus rcaya bagus"
"252"," vaksin  rcaya  mengandung makan kicaanak  hitam rcaya lak"
"253","    oi vaksin mandiri  nkri  dat meningkatkan ketidakadikan  layanan kesehatan  vaksinasi dll y"
"254"," vaksin  rcaya l kurus rcaya bagus"
"255"," vaksin  rcaya  mengandung makan kicaanak  hitam rcaya lak"
"256"," vaksin  rcaya l kurus rcaya bagus"
"257","   kemunculan dokter   resk  anggadia   ta  sikadia  s"
"258"," vaksin  rcaya l kurus rcaya bagus"
"259"," vaksin  rcaya abang janji abang delete rcaya lak"
"260"," vaksin  rcaya janji manis lelaki rcaya ak"
"261"," vaksin  rcaya janji manis lelaki rcaya ak"
"262"," vaksin  rcaya  mengandung makan kicaanak  hitam rcaya lak"
"263"," vaksin  rcaya l kurus rcaya bagus"
"264"," vaksin  rcaya  mengandung makan kicaanak  hitam rcaya lak"
"265"," cideh "
"266"," vaksin  rcaya  mengandung makan kicaanak  hitam rcaya lak"
"267"," vaksin  rcaya l kurus rcaya bagus"
"268"," kesaksian bbrdokter yg sdh divaksinvaksin adlh bentuk ikhtiar  meneraan otokol kesehatanjadi  ragu d"
"269"," vaksin  rcaya l kurus rcaya bagus"
"270"," vaksin covid   uji klinis   bpom  mui  kawatir dg vaksinbilang saudaramu ikutanvaksiny"
"271"," vaksin  rcaya tekan link    reman seksi  menari   rcaya"
"272","komnas kipi terima  laran efek samng vaksin sinovac "
"273","amir sakib nyatakan siadi vaksin sinovac "
"274"," vaksin  rcaya janji manis lelaki rcaya ak"
"275","kekokake sabu diisa ganja diise l koo ditelan ekstasi  makan arak oos ditelan  tdk lol "
"276"," vaksin  rcaya abang janji abang delete rcaya lak"
"277"," vaksin  rcaya abang janji abang delete rcaya lak"
"278"," vaksin  rcaya l kurus rcaya bagus"
"279"," vaksin  rcaya abang janji abang delete rcaya lak"
"280"," vaksin  rcaya l kurus rcaya bagus"
"281"," vaksin  rcaya abang janji abang delete rcaya lak"
"282"," vaksin  rcaya rahsia anak rtama sami anak  rcaya lak"
"283"," vaksin  rcaya l kurus rcaya bagus"
"284"," vaksin  rcaya l kurus rcaya bagus"
"285","tim riset vaksin covid  sifat vaksin sinovac  serti vaksin nyakit influenza  berulang  "
"286"," vaksin  rcaya  mengandung makan kicaanak  hitam rcaya lak"
"287"," vaksin  rcaya l kurus rcaya bagus"
"288"," vaksin  rcaya  mengandung makan kicaanak  hitam rcaya lak"
"289"," divaksin  vaksin    aman    gejala  reaksi aneh  diras "
"290"," vaksin  rcaya rahsia anak rtama sami anak  rcaya lak"
"291"," vaksin  rcaya  mengandung makan kicaanak  hitam rcaya lak"
"292","vaksin  rcayamakan kismis leh  ndai caye lak"
"293","  takut divaksin ya  gaesss  vaksin covid aman  halal "
"294"," pigai horang khaya   disuntik vaksin gratis kali disuntik  vetsin   enak makannya  "
"295"," vaksin  rcaya abang janji abang delete rcaya lak"
"296"," vaksin  rcaya l kurus rcaya bagus"
"297"," vaksin  rcaya  mengandung makan kicaanak  hitam rcaya lak"
"298"," vaksin  rcaya l kurus rcaya bagus"
"299"," vaksin  rcaya janji manis lelaki rcaya ak"
"300"," vaksin  rcaya l kurus rcaya bagus"
"301"," vaksin  rcaya duduk  bantal tumbuh bisul rcaya lak"
"302"," vaksin  rcaya abang janji abang delete rcaya lak"
"303"," vaksin  rcaya abang janji abang delete rcaya lak"
"304"," vaksin  rcaya abang janji abang delete rcaya lak"
"305"," vaksin  rcaya l kurus rcaya bagus"
"306"," vaksin  rcaya l kurus rcaya bagus"
"307"," vaksin  rcaya abang janji abang delete rcaya lak"
"308"," vaksin  rcaya l kurus rcaya bagus"
"309"," vaksin  rcaya l kurus rcaya bagus"
"310"," vaksin  nting  melindungi   masyarakat  walaun  divaksin  tetatuh prokes bilang sauda"
"311"," vaksin  rcaya  mengandung makan kicaanak  hitam rcaya lak"
"312"," vaksin  rcaya janji manis lelaki rcaya ak"
"313"," vaksin  rcaya  mengandung makan kicaanak  hitam rcaya lak"
"314"," penyebar hoax kasdim gresik meninggal  vaksin  na "
"315"," seru nihpenyandang dana fpi  ketahuan   ling serutangkal hoax vaksin kovidawasfpiulargantiku"
"316"," vaksin  rcaya janji manis lelaki rcaya ak"
"317"," vaksin  rcaya  mengandung makan kicaanak  hitam rcaya lak"
"318","bos bio farma ri  dat  juta dosis vaksin covid "
"319","vaksin  rcaya abang janji abang delete rcaya lak"
"320","    oi vaksin mandiri  nkri  dat meningkatkan ketidakadikan  layanan kesehatan  vaksinasi dll y"
"321"," vaksin  rcaya l kurus rcaya bagus"
"322"," vaksin  rcaya l kurus rcaya bagus"
"323"," vaksin  rcaya l kurus rcaya bagus"
"324"," vaksin  rcaya duduk  bantal tumbuh bisul rcaya lak"
"325"," vaksin  rcaya bercinta rcaya lak"
"326"," vaksin  rcaya duduk  bantal tumbuh bisul rcaya lak"
"327"," vaksin  rcaya janji manis lelaki rcaya ak"
"328"," maaf m vaksin sinovak  runtukan  manusia   nci bernyawa"
"329","   main  rcaya al quran am hadis dah  rcaya la zodiac am agenda illuminati hahahaha bodoh nya"
"330"," vaksin  rcaya  mengandung makan kicaanak  hitam rcaya lak"
"331"," vaksin  rcaya  mengandung makan kicaanak  hitam rcaya lak"
"332"," vaksin  rcaya l kurus rcaya bagus"
"333"," vaksin  rcaya l kurus rcaya bagus"
"334"," vaksin  rcaya  mengandung makan kicaanak  hitam rcaya lak"
"335"," vaksin  rcaya l kurus rcaya bagus"
"336"," vaksin  rcaya janji manis lelaki rcaya ak"
"337"," vaksin  rcaya abang janji abang delete rcaya lak"
"338","vaksin  rcaya ta mesej scammer rcaya lak"
"339"," vaksin  rcaya l kurus rcaya bagus"
"340"," vaksin  rcaya  mengandung makan kicaanak  hitam rcaya lak"
"341"," vaksin  rcaya l kurus rcaya bagus"
"342"," vaksin  rcaya prince meed rcaya lak"
"343"," vaksin  rcaya l kurus rcaya bagus"
"344"," vaksin  rcaya l kurus rcaya bagus"
"345"," vaksin  rcaya l kurus rcaya bagus"
"346","   oi vaksin mandiri  nkri  dat meningkatkan ketidakadikan  layanan kesehatan  vaksina "
"347"," vaksin  rcaya l kurus rcaya bagus"
"348"," vaksin  rcaya janji manis lelaki rcaya ak"
"349"," vaksin  rcaya l kurus rcaya bagus"
"350"," vaksin  rcaya  mengandung makan kicaanak  hitam rcaya lak"
"351"," vaksin  rcaya abang janji abang delete rcaya lak"
"352"," vaksin  rcaya  mengandung makan kicaanak  hitam rcaya lak"
"353","  udah  vaksin  les masker  berkrumun ga "
"354","  derajat  benarta  derajat    akah suntikan kemarin  deraja "
"355"," vaksin  rcaya l kurus rcaya bagus"
"356"," vaksin  rcaya l kurus rcaya bagus"
"357","vaksin  rcaya abang janji abang delete rcaya lak"
"358"," vaksin  rcaya janji manis lelaki rcaya ak"
"359","gasabar ngen  vaksinvaksin kaki gajah ta"
"360","  nies nyerah  lemr handuk krn tdk sanggulagi menangani covid   merintah sat utk mengambil"
"361"," vaksin  rcaya rahsia anak rtama sami anak  rcaya lak"
"362","  risau menerima bebera vaksin      selamat komunikasikitavaksincovid jabatanpenera"
"363"," vaksin  rcaya ds man mintak  rcaya ak"
"364","vaksin ud adtjgn lu m memakai maskermencuci tanganmenjaga jarakin brlaku utk  smw dmulainya v "
"365"," vaksin  rcaya  mengandung makan kicaanak  hitam rcaya lak"
"366","vaksin gk   juru selamat klw  trllu mengglorifikasinya am   yg bersamaan   melukan "
"367","  yg  ngaku o nkri bawa pancasila  bicaradikira   bungul serti kadrunawasfpiularganti"
"368"," vaksin  rcaya janji manis lelaki rcaya ak"
"369","indonesia tlh  oses vaksinasi dgn   nerima vaksin rtamakita smw berharasmg ose "
"370"," vaksin  rcaya l kurus rcaya bagus"
"371"," vaksin  rcaya  mengandung makan kicaanak  hitam rcaya lak"
"372"," vaksin  rcaya janji manis lelaki rcaya ak"
"373"," vaksin  rcaya l kurus rcaya bagus"
"374"," vaksin  rcaya  mengandung makan kicaanak  hitam rcaya lak"
"375","vaksin  rcaya zodiak rcaya lak"
"376"," vaksin  rcaya l kurus rcaya bagus"
"377"," vaksin  rcaya l kurus rcaya bagus"
"378","orang yg tdk   sitif  tdk  gejala klinik  da  vaksin   sehat sc "
"379","vaksin  selesai tinggal nunggu  minggu   vaksin   "
"380"," vaksin  rcaya janji manis lelaki rcaya ak"
"381"," vaksin  rcaya  mengandung makan kicaanak  hitam rcaya lak"
"382"," vaksin  rcaya janji manis lelaki rcaya ak"
"383"," vaksin  rcaya l kurus rcaya bagus"
"384"," chierick   botol vaksin corona  barcode "
"385"," vaksin  rcaya janji manis lelaki rcaya ak"
"386"," vaksin  rcaya l kurus rcaya bagus"
"387"," vaksin  rcaya janji manis lelaki rcaya ak"
"388"," vaksin  rcaya janji manis lelaki rcaya ak"
"389"," vaksin  rcaya l kurus rcaya bagus"
"390"," vaksin  rcaya  mengandung makan kicaanak  hitam rcaya lak"
"391"," vaksin  rcaya l kurus rcaya bagus"
"392"," vaksin  rcaya janji manis lelaki rcaya ak"
"393"," vaksin  rcaya janji manis lelaki rcaya ak"
"394","   vaksincovid dosis rtama a  dirasain pas disuntik   nyeri observasi  menit  vaksin"
"395"," vaksin  rcaya l kurus rcaya bagus"
"396"," vaksin  rcaya l kurus rcaya bagus"
"397","ogram kerja  bertujuan   mahaman terkait vaksin webinar    bebera rtanya "
"398","  vaksin covid  dikai  indonesia berdasarkan surat ketusan menkesvaksin  rakyat yespks  p"
"399"," vaksin  rcaya  mengandung makan kicaanak  hitam rcaya lak"
"400"," vaksin  rcaya  mengandung makan kicaanak  hitam rcaya lak"
"401"," rasaanya kek vaksin   twins "
"402"," vaksin  rcaya l kurus rcaya bagus"
"403"," vaksin  rcaya l kurus rcaya bagus"
"404"," vaksin  rcaya rahsia anak rtama sami anak  rcaya lak"
"405"," vaksin  rcaya l kurus rcaya bagus"
"406"," vaksin  rcaya l kurus rcaya bagus"
"407"," vaksin  rcaya janji manis lelaki rcaya ak"
"408","vaksin  rcaya ubat  jual  ig korang rcaya lak"
"409"," tangkal hoax vaksin kovidawasfpiulargantikulit"
"410","vaksin tu ndat   kau  kau  anti vaksin ta kau tu  kau tu  tu kalu  setuj "
"411"," vaksin  rcaya l kurus rcaya bagus"
"412"," vaksin  rcaya duduk  bantal tumbuh bisul rcaya lak"
"413","sibodohkaudengarsini  rcaya vaksin ta  lak rcaya  jin islam  live ostad yg rawat prince weed"
"414"," vaksin  rcaya rahsia anak rtama sami anak  rcaya lak"
"415"," vaksin  rcaya  mengandung makan kicaanak  hitam rcaya lak"
"416"," usut tuntas kemilikan senjata  penyandang dana terorisme fpi tangkal hoax vaksin kovidawasfpiulargantikul"
"417"," vaksin  rcaya ds man mintak  rcaya ak"
"418"," vaksin  rcaya abang janji abang delete rcaya lak"
"419"," vaksin  rcaya abang janji abang delete rcaya lak"
"420"," vaksin  rcaya  mengandung makan kicaanak  hitam rcaya lak"
"421"," vaksin  rcaya  mengandung makan kicaanak  hitam rcaya lak"
"422"," vaksin  rcaya  mengandung makan kicaanak  hitam rcaya lak"
"423"," vaksin  rcaya janji manis lelaki rcaya ak"
"424","  main  rcaya al quran am hadis dah  rcaya la zodiac am agenda illuminati hahahaha bodo "
"425"," vaksin  rcaya l kurus rcaya bagus"
"426","  nies nyerah  lemr handuk krn tdk sanggulagi menangani covid   merintah sat utk mengambil"
"427"," sungguh  bertanggungjawab sia  edit video  menuduh ramai  ngsan akibat  vaksin c video   v"
"428"," vaksin  rcaya  mengandung makan kicaanak  hitam rcaya lak"
"429"," covid dtng kadrun  vaksinvaksin dtng kadrun  steml halalud halal  jkw dsuntik duluan dvideo live t"
"430"," vaksin  rcaya janji manis lelaki rcaya ak"
"431"," vaksin  rcaya l kurus rcaya bagus"
"432"," vaksin  rcaya l kurus rcaya bagus"
"433"," vaksin  rcaya l kurus rcaya bagus"
"434"," walaun    vaksin c  sop tetakena  vaksin  magik ianya  ikhtiar   dah "
"435"," vaksin  rcaya l kurus rcaya bagus"
"436","  bebera orang    vaksin   mengalami gejala aa kecuali   gal    me"
"437","vaksinasi covid  neran otokol kesehatan m  dat  sendirisendirimeski bebera k "
"438"," vaksin  rcaya l kurus rcaya bagus"
"439"," vaksin  rcaya  mengandung makan kicaanak  hitam rcaya lak"
"440"," vaksin  rcaya janji manis lelaki rcaya ak"
"441"," vaksin  rcaya  mengandung makan kicaanak  hitam rcaya lak"
"442"," vaksin  rcaya l kurus rcaya bagus"
"443"," vaksin  rcaya  mengandung makan kicaanak  hitam rcaya lak"
"444"," vaksin  rcaya duduk  bantal tumbuh bisul rcaya lak"
"445"," vaksin  rcaya  mengandung makan kicaanak  hitam rcaya lak"
"446","   vaksincovid dosis rtama a  dirasain pas disuntik   nyeri observasi  menit  vaksin"
"447"," vaksin  rcaya l kurus rcaya bagus"
"448"," vaksin  rcaya rahsia anak rtama sami anak  rcaya lak"
"449"," vaksin  rcaya l kurus rcaya bagus"
"450"," vaksin  rcaya  mengandung makan kicaanak  hitam rcaya lak"
"451"," vaksin  rcaya l kurus rcaya bagus"
"452"," vaksin  rcaya  mengandung makan kicaanak  hitam rcaya lak"
"453"," vaksin  rcaya abang janji abang delete rcaya lak"
"454"," vaksin  rcaya l kurus rcaya bagus"
"455"," vaksin  rcaya l kurus rcaya bagus"
"456"," vaksin  rcaya l kurus rcaya bagus"
"457"," vaksin  rcaya l kurus rcaya bagus"
"458"," vaksin  rcaya janji manis lelaki rcaya ak"
"459"," vaksin  rcaya  mengandung makan kicaanak  hitam rcaya lak"
"460"," vaksin  rcaya janji manis lelaki rcaya ak"
"461"," vaksin  rcaya l kurus rcaya bagus"
"462","   kemunculan dokter   resk  anggadia   ta  sikadia  s"
"463"," vaksin  rcaya duduk  bantal tumbuh bisul rcaya lak"
"464"," vaksin  rcaya l kurus rcaya bagus"
"465"," vaksin  rcaya  mengandung makan kicaanak  hitam rcaya lak"
"466"," vaksin  rcaya janji manis lelaki rcaya ak"
"467"," vaksin  rcaya l kurus rcaya bagus"
"468"," vaksin tk rcaya ta  abang janji abang delete les rakam rcaya lak"
"469"," vaksin  rcaya  mengandung makan kicaanak  hitam rcaya lak"
"470"," vaksin  rcaya  mengandung makan kicaanak  hitam rcaya lak"
"471"," erick thohir merek  jenis vaksin covid mandiri  berbeda   gratis "
"472"," vaksin  rcaya  mengandung makan kicaanak  hitam rcaya lak"
"473"," vaksin  rcaya  mengandung makan kicaanak  hitam rcaya lak"
"474"," vaksin  rcaya taiy   mulut ular   gambar  terbuka rcaya"
"475","juliari batubara disuntik vaksin   hakim cantik  den kpk "
"476","siadivaksin    musti tunggu  ya  semoga  den   vaksin mandiri membantu mengur "
"477"," vaksin  rcaya  mengandung makan kicaanak  hitam rcaya lak"
"478","  banget emang   vaksin  gitu mengurangi kerahan  kena nyakitjadi  berat  sami fatal"
"479"," vaksin  rcaya  mengandung makan kicaanak  hitam rcaya lak"
"480"," vaksin  rcaya  mengandung makan kicaanak  hitam rcaya lak"
"481"," vaksin  rcaya janji manis lelaki rcaya ak"
"482","    bikin vaksin  koq ga   grafik "
"483"," vaksin  rcaya  mengandung makan kicaanak  hitam rcaya lak"
"484"," vaksin  rcaya l kurus rcaya bagus"
"485"," vaksin  rcaya duduk  bantal tumbuh bisul rcaya lak"
"486"," vaksin  rcaya  mengandung makan kicaanak  hitam rcaya lak"
"487"," vaksin  rcaya ds man mintak  rcaya ak"
"488"," vaksin  rcaya abang janji abang delete rcaya lak"
"489"," vaksin  rcaya  mengandung makan kicaanak  hitam rcaya lak"
"490"," vaksin  rcaya janji manis lelaki rcaya ak"
"491","sungguh  bertanggungjawab sia  edit video  menuduh ramai  ngsan akibat  vaksin c video i "
"492"," vaksin  rcaya l kurus rcaya bagus"
"493"," vaksin  rcaya  mengandung makan kicaanak  hitam rcaya lak"
"494"," vaksin  rcaya l kurus rcaya bagus"
"495"," vaksin  rcaya ds man mintak  rcaya ak"
"496","vaksin  rcayales interview dorang katananti  call  tu kau rcaya"
"497"," vaksin  rcaya  mengandung makan kicaanak  hitam rcaya lak"
"498"," vaksin  rcaya janji manis lelaki rcaya ak"
"499"," vaksin  rcaya  mengandung makan kicaanak  hitam rcaya lak"
"500","  yg  adoi kitten ngga sehat udah suntik vitamin  anti kutu tblm vaksin krn masi  bulanan  kasih makanan k"
"501"," vaksin  rcaya l kurus rcaya bagus"
"502"," vaksin  rcaya ds man mintak  rcaya ak"
"503"," vaksin  rcaya janji manis lelaki rcaya ak"
"504"," vaksin  rcaya l kurus rcaya bagus"
"505"," vaksin  rcaya l kurus rcaya bagus"
"506"," vaksin  rcaya  mengandung makan kicaanak  hitam rcaya lak"
"507"," vaksin  rcaya  mengandung makan kicaanak  hitam rcaya lak"
"508"," vaksin  rcaya  mengandung makan kicaanak  hitam rcaya lak"
"509","  takut   vaksin yaaa"
"510"," vaksin  rcaya duduk  bantal tumbuh bisul rcaya lak"
"511"," vaksin  rcaya  mengandung makan kicaanak  hitam rcaya lak"
"512"," vaksin  rcaya  mengandung makan kicaanak  hitam rcaya lak"
"513"," vaksin  rcaya ds man mintak  rcaya ak"
"514"," vaksin  rcaya rahsia anak rtama sami anak  rcaya lak"
"515"," vaksin  rcaya  mengandung makan kicaanak  hitam rcaya lak"
"516"," vaksin  rcaya janji manis lelaki rcaya ak"
"517"," vaksin  rcaya ds man mintak  rcaya ak"
"518"," temen gua kena covid x gejala infeksi   berat  yg rtama sam esyok asli   vaksin mendin"
"519"," vaksin  rcaya  mengandung makan kicaanak  hitam rcaya lak"
"520"," presiden yg  dukung  tet  yg  jaga   s berjuang    nama rakyat indonesia  "
"521"," vaksin  rcaya l kurus rcaya bagus"
"522"," vaksin  rcaya l kurus rcaya bagus"
"523"," vaksin  rcaya janji manis lelaki rcaya ak"
"524"," vaksin  rcaya  mengandung makan kicaanak  hitam rcaya lak"
"525"," vaksin  rcaya  mengandung makan kicaanak  hitam rcaya lak"
"526"," vaksin  rcaya l kurus rcaya bagus"
"527"," vaksin  rcaya l kurus rcaya bagus"
"528"," vaksin sinovac  diuji  tiongkok indonesia  brasil  turkibegitu   eua  emergency use au"
"529"," vaksin  rcaya l kurus rcaya bagus"
"530","  bebera orang    vaksin   mengalami gejala aa kecuali   gal    me"
"531"," vaksin  rcaya l kurus rcaya bagus"
"532","  tba alesan mw omil hl anak msih  jga  yg emang blng bener ga mw d vaksin"
"533","  faktanya  ra laskar  menunggu dgn   dgn gah nantangin arat    yg tewas dl"
"534"," vaksin  rcaya  mengandung makan kicaanak  hitam rcaya lak"
"535","   oses pra hinggga oses oduksi  distribusi vaksin   indonesia diawasi bpombpom mengawas"
"536"," vaksin  rcaya  mengandung makan kicaanak  hitam rcaya lak"
"537"," vaksin  rcaya  mengandung makan kicaanak  hitam rcaya lak"
"538"," presiden   vaksinkela daerah influenser  tenaga medis   menerima vaksin yuk ach  "
"539"," vaksin  rcaya l kurus rcaya bagus"
"540"," vaksin  rcaya  mengandung makan kicaanak  hitam rcaya lak"
"541","   munarman sdh menebar berita bohong dgn  anggota fpi  bersenjata am terbiasa dgn tangan kosong t"
"542"," vaksin  rcaya l kurus rcaya bagus"
"543"," vaksin  rcaya  mengandung makan kicaanak  hitam rcaya lak"
"544"," terkejut prof ni bersifat ala ala anti vaksin sikitsebab suka sibuk sal ofession orang  and latau "
"545"," vaksin  rcaya rahsia anak rtama sami anak  rcaya lak"
"546"," vaksin  rcaya  mengandung makan kicaanak  hitam rcaya lak"
"547"," vaksin  rcaya l kurus rcaya bagus"
"548"," masyarakat  rlu khawatir vaksin sinovac aman  efektif  masyarakat  mudah terovokasi  kabar"
"549"," vaksin  rcaya l kurus rcaya bagus"
"550"," vaksin  rcaya ds man mintak  rcaya ak"
"551"," vaksin  rcaya abang janji abang delete rcaya lak"
"552"," vaksin  rcaya  mengandung makan kicaanak  hitam rcaya lak"
"553"," vaksin  rcaya l kurus rcaya bagus"
"554"," wuiiih  trendingnya  dibaca ikutvaksinyuk judika bilang saudaramu tangkal hoax vaksin covid cc "
"555"," vaksin  rcaya  mengandung makan kicaanak  hitam rcaya lak"
"556"," vaksin  rcaya janji manis lelaki rcaya ak"
"557"," vaksin  rcaya l kurus rcaya bagus"
"558"," vaksin  rcaya janji manis lelaki rcaya ak"
"559"," vaksin  rcaya  mengandung makan kicaanak  hitam rcaya lak"
"560"," vaksin  rcaya l kurus rcaya bagus"
"561"," vaksin  rcayaabang janji abang delete rcaya "
"562","  indonesia bebera negara   ero memilih  vaksin corona  china serti sinovac  sinoar"
"563","  "
"564"," vaksin  rcaya l kurus rcaya bagus"
"565"," vaksin  rcaya janji manis lelaki rcaya ak"
"566"," vaksin  rcaya  mengandung makan kicaanak  hitam rcaya lak"
"567"," vaksin  rcaya  mengandung makan kicaanak  hitam rcaya lak"
"568"," vaksin  rcaya janji manis lelaki rcaya ak"
"569"," vaksin  rcaya l kurus rcaya bagus"
"570","  menutukemungkinan  ra nyintas    vaksin sesuai dgn kajian yg   "
"571"," vaksin  rcaya  mengandung makan kicaanak  hitam rcaya lak"
"572"," swab hatimu  al quranvaksin jiwamu  sholawatmaskerin mulutmu  dzikircuci tangan mu  shodaqohja"
"573"," vaksin  rcaya  mengandung makan kicaanak  hitam rcaya lak"
"574"," vaksin  rcaya ds man mintak  rcaya ak"
"575"," vaksin  rcaya l kurus rcaya bagus"
"576"," vaksin  rcaya l kurus rcaya bagus"
"577"," vaksin  rcaya janji manis lelaki rcaya ak"
"578"," vaksin  rcaya  mengandung makan kicaanak  hitam rcaya lak"
"579"," vaksin  rcaya l kurus rcaya bagus"
"580"," vaksin  rcaya  mengandung makan kicaanak  hitam rcaya lak"
"581","  kode buka ngadaan vaksin  swasta ya "
"582"," vaksin  rcaya bercinta rcaya lak"
"583"," vaksin  rcaya l kurus rcaya bagus"
"584","  kejarkejar   tangkaoleh orang milik warung jagal anjing lari ketakutan  badan gemetar dear sah"
"585","    gay runya divaksin  si jahudi  ayo sia   divaksin "
"586","   vaksincovid dosis rtama a  dirasain pas disuntik   nyeri observasi  menit  vaksin"
"587"," vaksin  rcaya  mengandung makan kicaanak  hitam rcaya lak"
"588"," vaksin  rcaya  mengandung makan kicaanak  hitam rcaya lak"
"589"," vaksin  rcaya janji manis lelaki rcaya ak"
"590"," menteri bumn erick thohir  meskin vaksin gratis  ioritas merintah vaksinasi mandiri tetadirlukan"
"591"," vaksin  rcaya janji manis lelaki rcaya ak"
"592"," vaksin  rcaya l kurus rcaya bagus"
"593"," vaksin  rcaya janji manis lelaki rcaya ak"
"594","  yg  ngaku o nkri bawa pancasila  bicaradikira   bungul serti kadrunawasfpiularganti"
"595"," pesta  ramai dirbincangkan  dihadiri esenter raffi ahmad    disuntik vaksin covid "
"596"," vaksin  rcaya l kurus rcaya bagus"
"597"," vaksin  rcaya janji manis lelaki rcaya ak"
"598","vaksin  rcaya abang janji abang delete rcaya lak"
"599"," vaksin  rcaya  mengandung makan kicaanak  hitam rcaya lak"
"600"," vaksin  rcaya l kurus rcaya bagus"
"601"," vaksin  rcaya janji manis lelaki rcaya ak"
"602"," vaksin  rcaya janji manis lelaki rcaya ak"
"603"," vaksin  rcaya  mengandung makan kicaanak  hitam rcaya lak"
"604","vaksin ga rcaya l biru rcaya "
"605"," vaksin  rcaya janji manis lelaki rcaya ak"
"606"," vaksin  rcaya l kurus rcaya bagus"
"607"," vaksin  rcaya  mengandung makan kicaanak  hitam rcaya lak"
"608"," vaksin  rcaya  mengandung makan kicaanak  hitam rcaya lak"
"609"," vaksin  rcaya l kurus rcaya bagus"
"610"," vaksin  rcaya  mengandung makan kicaanak  hitam rcaya lak"
"611"," vaksin  rcaya janji manis lelaki rcaya ak"
"612"," vaksin  rcaya  mengandung makan kicaanak  hitam rcaya lak"
"613"," vaksin  rcaya l kurus rcaya bagus"
"614"," vaksin  rcaya  mengandung makan kicaanak  hitam rcaya lak"
"615"," vaksin  rcaya janji manis lelaki rcaya ak"
"616"," vaksin  rcaya  mengandung makan kicaanak  hitam rcaya lak"
"617"," vaksin  rcaya l kurus rcaya bagus"
"618"," vaksin  rcaya janji manis lelaki rcaya ak"
"619"," vaksin  rcaya  mengandung makan kicaanak  hitam rcaya lak"
"620"," vaksin  rcaya  mengandung makan kicaanak  hitam rcaya lak"
"621"," vaksin  rcaya l kurus rcaya bagus"
"622"," vaksin  rcaya  mengandung makan kicaanak  hitam rcaya lak"
"623"," vaksin  rcaya janji manis lelaki rcaya ak"
"624"," vaksin  rcaya  mengandung makan kicaanak  hitam rcaya lak"
"625"," vaksin  rcaya janji manis lelaki rcaya ak"
"626"," vaksin  rcaya  mengandung makan kicaanak  hitam rcaya lak"
"627"," vaksin  rcaya rahsia anak rtama sami anak  rcaya lak"
"628"," vaksin  rcaya ds man mintak  rcaya ak"
"629"," vaksin  rcaya  mengandung makan kicaanak  hitam rcaya lak"
"630","ga rcaya vaksin ta rcaya mbesar toket"
"631"," kesaksian bbrdokter yg sdh divaksinvaksin adlh bentuk ikhtiar  meneraan otokol kesehatanjadi  ragu d"
"632","utk vaksin   sinovac sesuai dgn rekomendasi papdi  uji klinis taha  dat  k ra  "
"633"," vaksin  rcaya l kurus rcaya bagus"
"634"," vaksin  rcaya  mengandung makan kicaanak  hitam rcaya lak"
"635"," vaksin  rcaya l kurus rcaya bagus"
"636"," lagilagi hoaxada berita  disuntik vaksin dikabarkan jokowi   kejang  mati faktanya "
"637"," vaksin  rcaya janji manis lelaki rcaya ak"
"638"," vaksin  rcaya  mengandung makan kicaanak  hitam rcaya lak"
"639"," vaksin  rcaya l kurus rcaya bagus"
"640"," vaksin  rcaya  mengandung makan kicaanak  hitam rcaya lak"
"641"," vaksin  rcaya  mengandung makan kicaanak  hitam rcaya lak"
"642"," vaksin  rcaya janji manis lelaki rcaya ak"
"643"," fpi salah cari lawankomnas ham mendatkan bukti bhw laskar fpi tertawatawa  mencoba lakukan ovokasi seblm "
"644"," vaksin  rcaya  mengandung makan kicaanak  hitam rcaya lak"
"645"," vaksin  rcaya  mengandung makan kicaanak  hitam rcaya lak"
"646"," vaksin  rcaya janji manis lelaki rcaya ak"
"647"," vaksin  rcaya gambar random netizen uoad  caion orang   terbuka je  namk a  namk rc"
"648"," vaksin  rcaya  mengandung makan kicaanak  hitam rcaya lak"
"649"," walaun    vaksin c  sop tetakena  vaksin  magik ianya  ikhtiar   dah "
"650"," vaksin  rcaya  mengandung makan kicaanak  hitam rcaya lak"
"651"," vaksin  rcaya  mengandung makan kicaanak  hitam rcaya lak"
"652"," vaksin  rcaya janji manis lelaki rcaya ak"
"653"," vaksin  rcaya l kurus rcaya bagus"
"654"," vaksin  rcaya  mengandung makan kicaanak  hitam rcaya lak"
"655"," vaksin  rcaya janji manis lelaki rcaya ak"
"656"," vaksin  rcaya  mengandung makan kicaanak  hitam rcaya lak"
"657"," vaksin  rcaya l kurus rcaya bagus"
"658"," vaksin  rcaya duduk  bantal tumbuh bisul rcaya lak"
"659"," vaksin  rcaya ds man mintak  rcaya ak"
"660"," vaksin  rcaya  mengandung makan kicaanak  hitam rcaya lak"
"661","alhamdulillah   vaksin  "
"662"," vaksin  rcaya janji manis lelaki rcaya ak"
"663"," vaksin  rcaya  mengandung makan kicaanak  hitam rcaya lak"
"664"," vaksin  rcaya l kurus rcaya bagus"
"665"," vaksin  rcaya l kurus rcaya bagus"
"666"," menrekraf sandiaga salahuddin uno mengajukan ovinsi serti bali jakarta batam  bintan   iorita"
"667"," vaksin  rcaya duduk  bantal tumbuh bisul rcaya lak"
"668"," vaksin  rcaya janji manis lelaki rcaya ak"
"669","bilang saudaramuikutanvaksinyukkl    beruntung  wnikarna pemerintah    "
"670"," vaksin  rcaya  mengandung makan kicaanak  hitam rcaya lak"
"671"," vaksin  rcaya  mengandung makan kicaanak  hitam rcaya lak"
"672"," vaksin  rcaya  mengandung makan kicaanak  hitam rcaya lak"
"673"," vaksin  rcaya l kurus rcaya bagus"
"674"," vaksin  rcaya janji manis lelaki rcaya ak"
"675","  yg  adoi kitten ngga sehat udah suntik vitamin  anti kutu tblm vaksin krn masi  bulanan  kasih makanan k"
"676","  yg  adoi kitten ngga sehat udah suntik vitamin  anti kutu tblm vaksin krn masi  bulanan  kasih makanan k"
"677"," vaksin  rcaya l kurus rcaya bagus"
"678"," vaksin  rcaya rahsia anak rtama sami anak  rcaya lak"
"679"," vaksin  rcaya rahsia anak rtama sami anak  rcaya lak"
"680"," vaksin  rcaya  mengandung makan kicaanak  hitam rcaya lak"
"681"," kesaksian bbrdokter yg sdh divaksinvaksin adlh bentuk ikhtiar  meneraan otokol kesehatanjadi  ragu d"
"682"," vaksin  rcaya  mengandung makan kicaanak  hitam rcaya lak"
"683"," mun tos  vaksin bantuan blt teteaya teu bah aduh mun teu aya teh hawatos kanu sanes  abi oge"
"684"," vaksin  rcaya l kurus rcaya bagus"
"685","   menit   injeksi vaksin anjir bahu  bengkak kaku leher  kepala  pusing dikit lho   sa"
"686"," vaksin  rcaya janji manis lelaki rcaya ak"
"687"," vaksin  rcaya l kurus rcaya bagus"
"688"," vaksin  rcaya  mengandung makan kicaanak  hitam rcaya lak"
"689"," walaun    vaksin c  sop tetakena  vaksin  magik ianya  ikhtiar   dah "
"690"," vaksin  rcaya duduk  bantal tumbuh bisul rcaya lak"
"691"," vaksin  rcaya  mengandung makan kicaanak  hitam rcaya lak"
"692"," vaksin  rcaya rahsia anak rtama sami anak  rcaya lak"
"693"," vaksin  rcaya janji manis lelaki rcaya ak"
"694","  nies nyerah  lemr handuk krn tdk sanggulagi menangani covid   merintah sat utk mengambil"
"695"," vaksin  rcaya janji manis lelaki rcaya ak"
"696"," vaksin  rcaya l kurus rcaya bagus"
"697"," vaksin  rcaya  mengandung makan kicaanak  hitam rcaya lak"
"698"," vaksin  rcaya rahsia anak rtama sami anak  rcaya lak"
"699"," vaksin  rcaya l kurus rcaya bagus"
"700"," vaksin  rcaya l kurus rcaya bagus"
"701"," vaksin  rcaya  mengandung makan kicaanak  hitam rcaya lak"
"702"," vaksin  rcaya l kurus rcaya bagus"
"703"," vaksin  rcaya l kurus rcaya bagus"
"704"," vaksin  rcaya l kurus rcaya bagus"
"705"," vaksin  rcaya  mengandung makan kicaanak  hitam rcaya lak"
"706"," kerajaan negeri selangor  mendatkan  juta   juta vaksin  manfaat rakyat selangor yab dato seri "
"707"," vaksin  rcaya l kurus rcaya bagus"
"708"," vaksin  rcaya duduk  bantal tumbuh bisul rcaya lak"
"709"," vaksin  rcaya l kurus rcaya bagus"
"710"," vaksin  rcaya l kurus rcaya bagus"
"711"," vaksin  rcaya  mengandung makan kicaanak  hitam rcaya lak"
"712"," vaksin  rcaya l kurus rcaya bagus"
"713","penyebar hoax kasdim gresik meninggal  vaksin  na "
"714"," vaksin  rcaya janji manis lelaki rcaya ak"
"715"," walaun    vaksin c  sop tetakena  vaksin  magik ianya  ikhtiar   dah "
"716"," vaksin  rcaya l kurus rcaya bagus"
"717"," vaksin  rcaya rahsia anak rtama sami anak  rcaya lak"
"718"," vaksin  rcaya janji manis lelaki rcaya ak"
"719"," vaksin  rcaya l kurus rcaya bagus"
"720"," tujuan vaksin  a  sehabis disuntik tetakai masker tetaharus social distancing  vak "
"721"," vaksin  rcaya janji manis lelaki rcaya ak"
"722"," vaksin  rcaya  mengandung makan kicaanak  hitam rcaya lak"
"723"," vaksin  rcaya l kurus rcaya bagus"
"724"," vaksin  rcaya  mengandung makan kicaanak  hitam rcaya lak"
"725"," vaksin  rcaya  mengandung makan kicaanak  hitam rcaya lak"
"726"," vaksin  rcaya  mengandung makan kicaanak  hitam rcaya lak"
"727"," vaksin  rcaya l kurus rcaya bagus"
"728"," vaksin  rcaya janji manis lelaki rcaya ak"
"729"," raffi ahmad merukan salah  figur blik  mendat vaksin covid tahartama alihalih menjaga okes "
"730"," vaksin  rcaya l kurus rcaya bagus"
"731"," vaksin  rcaya l kurus rcaya bagus"
"732"," walaun    vaksin c  sop tetakena  vaksin  magik ianya  ikhtiar   dah "
"733"," vaksin  rcaya rahsia anak rtama sami anak  rcaya lak"
"734"," vaksin  rcaya  mengandung makan kicaanak  hitam rcaya lak"
"735"," walaun    vaksin c  sop tetakena  vaksin  magik ianya  ikhtiar   dah "
"736","    gay runya divaksin  si jahudi  ayo sia   divaksin "
"737"," vaksin  rcaya janji manis lelaki rcaya ak"
"738","   cmtangkal hoax vaksin kovid"
"739"," vaksin  rcaya  mengandung makan kicaanak  hitam rcaya lak"
"740"," walaun    vaksin c  sop tetakena  vaksin  magik ianya  ikhtiar   dah "
"741"," vaksin  rcaya  mengandung makan kicaanak  hitam rcaya lak"
"742"," efikasi vaksin sinovac     haran  vaksin mam menurunkan kejadian  nyakit "
"743"," vaksin  rcaya  mengandung makan kicaanak  hitam rcaya lak"
"744"," vaksin  rcaya janji manis lelaki rcaya ak"
"745"," vaksin  rcaya  mengandung makan kicaanak  hitam rcaya lak"
"746"," selamat pagi sobatsoulmatese nusantaramari bersatu lawan covid tuhi otokol m siadivaksinasi  vaksin sia"
"747"," tunggu d vaksin"
"748"," vaksin  rcaya janji manis lelaki rcaya ak"
"749"," vaksin  rcaya  mengandung makan kicaanak  hitam rcaya lak"
"750","tiahari kerjaan nya cari bahan terussetelah vaksinnembakan laskar frisma  skrg bsdat aja  "
"751"," vaksin  rcaya rahsia anak rtama sami anak  rcaya lak"
"752"," vaksin  rcaya janji manis lelaki rcaya ak"
"753"," vaksin  rcaya  mengandung makan kicaanak  hitam rcaya lak"
"754"," vaksin  rcaya  mengandung makan kicaanak  hitam rcaya lak"
"755"," vaksin  rcaya l kurus rcaya bagus"
"756"," vaksin  rcaya  mengandung makan kicaanak  hitam rcaya lak"
"757"," kesaksian bbrdokter yg sdh divaksinvaksin adlh bentuk ikhtiar  meneraan otokol kesehatanjadi  ragu d"
"758"," vaksin  rcaya  mengandung makan kicaanak  hitam rcaya lak"
"759"," vaksin  rcaya janji manis lelaki rcaya ak"
"760","     keberkesanan am keselamatan vaksin covid  wawancara  dr kalairasu pengerusi kumla"
"761"," vaksin  rcaya l kurus rcaya bagus"
"762"," vaksin  rcaya l kurus rcaya bagus"
"763"," vaksin  rcaya rahsia anak rtama sami anak  rcaya lak"
"764"," vaksin  rcaya  mengandung makan kicaanak  hitam rcaya lak"
"765"," vaksin  rcaya  mengandung makan kicaanak  hitam rcaya lak"
"766"," vaksin  rcaya  mengandung makan kicaanak  hitam rcaya lak"
"767"," vaksin  rcaya l kurus rcaya bagus"
"768"," vaksin  rcaya l kurus rcaya bagus"
"769"," vaksin  rcaya l kurus rcaya bagus"
"770","vaksin i rcaya   lelaki i  rcaya "
"771"," vaksin  rcaya l kurus rcaya bagus"
"772"," vaksin  rcaya l kurus rcaya bagus"
"773"," vaksin  rcaya  mengandung makan kicaanak  hitam rcaya lak"
"774"," vaksin  rcaya l kurus rcaya bagus"
"775","raffi ahmad merukan salah  figur blik  mendat vaksin covid tahartama alihalih menjaga okes "
"776"," vaksin  rcaya janji manis lelaki rcaya ak"
"777"," vaksin  rcaya janji manis lelaki rcaya ak"
"778"," webminar  panglima tni loh beliau  berbagi ngalaman menerima vaksin  laninnyakuy  daftark "
"779"," vaksin  rcaya  mengandung makan kicaanak  hitam rcaya lak"
"780"," vaksin  rcaya janji manis lelaki rcaya ak"
"781"," mohon  menteri  vaksin   frontliners  netizen terima kasih "
"782"," vaksin  rcaya  mengandung makan kicaanak  hitam rcaya lak"
"783"," vaksin  rcaya rahsia anak rtama sami anak  rcaya lak"
"784"," vaksin  rcaya abe janji abe delete rcaya la"
"785"," vaksin  rcaya rahsia anak rtama sami anak  rcaya lak"
"786"," vaksin  rcaya l kurus rcaya bagus"
"787"," vaksin  rcaya l kurus rcaya bagus"
"788"," kode buka ngadaan vaksin  swasta ya "
"789"," vaksin  rcaya  mengandung makan kicaanak  hitam rcaya lak"
"790","walaun    vaksin c  sop tetakena  vaksin  magik ianya  ikhtiar  k "
"791"," vaksin  rcaya  mengandung makan kicaanak  hitam rcaya lak"
"792"," vaksin  rcaya l kurus rcaya bagus"
"793"," vaksin  rcaya  mengandung makan kicaanak  hitam rcaya lak"
"794"," vaksin  rcaya l kurus rcaya bagus"
"795"," vaksin  rcaya l kurus rcaya bagus"
"796"," vaksin  rcaya  mengandung makan kicaanak  hitam rcaya lak"
"797"," vaksin  rcaya duduk  bantal tumbuh bisul rcaya lak"
"798"," vaksin  rcaya l kurus rcaya bagus"
"799"," vaksin  rcaya janji manis lelaki rcaya ak"
"800"," vaksin  rcaya l kurus rcaya bagus"
"801"," vaksin  rcaya janji manis lelaki rcaya ak"
"802"," vaksin  rcaya  mengandung makan kicaanak  hitam rcaya lak"
"803"," vaksin  rcaya rahsia anak rtama sami anak  rcaya lak"
"804","bilang saudaramuikutanvaksinyukterima kasih da pemerintah indonesia yg  memrjuangkan vaksin sinovac in "
"805"," vaksin  rcaya  mengandung makan kicaanak  hitam rcaya lak"
"806"," vaksin  rcaya  mengandung makan kicaanak  hitam rcaya lak"
"807","pertamina sukseskan program vaksin covid "
"808"," vaksin  rcaya  mengandung makan kicaanak  hitam rcaya lak"
"809"," vaksin  rcaya  mengandung makan kicaanak  hitam rcaya lak"
"810"," vaksin  rcaya  mengandung makan kicaanak  hitam rcaya lak"
"811"," vaksin  rcaya  mengandung makan kicaanak  hitam rcaya lak"
"812"," vaksin  rcaya l kurus rcaya bagus"
"813"," emng  ga rcaya vaksin"
"814","giveaway ione rcaya vaksin  rcaya"
"815"," vaksin  rcaya  mengandung makan kicaanak  hitam rcaya lak"
"816","  risau menerima bebera vaksin      selamat komunikasikita"
"817"," vaksin  rcaya  mengandung makan kicaanak  hitam rcaya lak"
"818"," vaksin  rcaya janji manis lelaki rcaya ak"
"819","  risau menerima bebera vaksin      selamat komunikasikitavaksincovid jabatanpenera"
"820","vaksin  rcaya makan kismis minda  biji setiagi anak   ntar rcaya lak"
"821"," vaksin  rcaya duduk  bantal tumbuh bisul rcaya lak"
"822"," vaksin  rcaya l kurus rcaya bagus"
"823"," vaksin  rcaya janji manis lelaki rcaya ak"
"824"," vaksin  rcaya  mengandung makan kicaanak  hitam rcaya lak"
"825"," vaksin  rcaya  mengandung makan kicaanak  hitam rcaya lak"
"826","  nas dingin  main vaksin  udah borong la ratusan juta vaksin   china maun temt  terny"
"827"," vaksin  rcaya l kurus rcaya bagus"
"828"," vaksin  rcaya l kurus rcaya bagus"
"829"," vaksin  rcaya l kurus rcaya bagus"
"830"," vaksin  rcaya l kurus rcaya bagus"
"831"," vaksin  rcaya  mengandung makan kicaanak  hitam rcaya lak"
"832"," vaksin  rcaya l kurus rcaya bagus"
"833"," vaksin  rcaya  mengandung makan kicaanak  hitam rcaya lak"
"834"," vaksin  rcaya l kurus rcaya bagus"
"835"," vaksin  rcaya l kurus rcaya bagus"
"836"," vaksin  rcaya l kurus rcaya bagus"
"837"," vaksin  rcaya l kurus rcaya bagus"
"838"," vaksin  rcaya  mengandung makan kicaanak  hitam rcaya lak"
"839"," vaksin  rcaya  mengandung makan kicaanak  hitam rcaya lak"
"840"," vaksin  rcaya janji manis lelaki rcaya ak"
"841"," vaksin  rcaya l kurus rcaya bagus"
"842"," vaksin  rcaya  mengandung makan kicaanak  hitam rcaya lak"
"843"," vaksin  rcaya  mengandung makan kicaanak  hitam rcaya lak"
"844"," vaksin sinovac  diuji  tiongkok indonesia  brasil  turkibegitu   eua  emergency use au"
"845"," vaksin  rcaya l kurus rcaya bagus"
"846"," vaksin  rcaya l kurus rcaya bagus"
"847","   oses pra hinggga oses oduksi  distribusi vaksin   indonesia diawasi bpombpom mengawas"
"848"," vaksin  rcaya taiy   mulut ular   gambar  terbuka rcaya"
"849"," presiden   vaksinkela daerah influenser  tenaga medis   menerima vaksin yuk ach  "
"850","terima dubes amerika serikat  indonesia bamsoet dorong kerjasama pengadaan vaksin covid  "
"851"," dilacak vidio  menyebar hoax yg  meresahkan masyarakat  vidio  insiden "
"852"," vaksin  rcaya  mengandung makan kicaanak  hitam rcaya lak"
"853"," vaksin  rcaya janji manis lelaki rcaya ak"
"854"," vaksin  rcaya  mengandung makan kicaanak  hitam rcaya lak"
"855","kominfo  informasi   nerima vaksin covid buatan sinovac meninggal dunia  kabar "
"856"," vaksin  rcaya janji manis lelaki rcaya ak"
"857"," vaksin  rcaya l kurus rcaya bagus"
"858"," vaksin  rcaya  mengandung makan kicaanak  hitam rcaya lak"
"859"," vaksin  rcaya buaya cakasumh b i sayang u sorang je love u now n forever takkan jum nganti rcaya"
"860"," vaksin  rcaya  mengandung makan kicaanak  hitam rcaya lak"
"861"," vaksin  rcaya rahsia anak rtama sami anak  rcaya lak"
"862"," vaksin  rcaya  mengandung makan kicaanak  hitam rcaya lak"
"863"," kesaksian bbrdokter yg sdh divaksinvaksin adlh bentuk ikhtiar  meneraan otokol kesehatanjadi  ragu d"
"864"," vaksin  rcaya l kurus rcaya bagus"
"865"," vaksin  rcaya janji manis lelaki rcaya ak"
"866"," pengurus wilayah muhammadiyah jabar stlh divaksinmalah tidur  malam sngt nyenyak bangun  gi   rcay"
"867"," negara bernghasilan rendah  menengah mengandalkan india mbuat vaksin terbesar  dunia  memula "
"868"," vaksin  rcaya  mengandung makan kicaanak  hitam rcaya lak"
"869"," vaksin  rcaya duduk  bantal tumbuh bisul rcaya lak"
"870"," pesan varian  sarscov jerman  pandemi blm terkendali  vaksin bkn solusi ajaib tli ili am genomic surv nti"
"871"," vaksin  rcaya l kurus rcaya bagus"
"872"," vaksin  rcaya  mengandung makan kicaanak  hitam rcaya lak"
"873"," hoax   disebar  ceramah yg  ungkus agama kasihan umat diracun  narasi hoax  makhluk kayak"
"874"," vaksin  rcaya  mengandung makan kicaanak  hitam rcaya lak"
"875"," baguslah biar dunia  tau  busuknya fpitangkal hoax vaksin kovidawasfpiulargantikulit"
"876"," vaksin  rcaya l kurus rcaya bagus"
"877","kesaksian bbrdokter yg sdh divaksinvaksin adlh bentuk ikhtiar  meneraan otokol kesehatanjadi  "
"878"," vaksin  rcaya  mengandung makan kicaanak  hitam rcaya lak"
"879"," vaksin  rcaya l kurus rcaya bagus"
"880"," vaksin  rcaya l kurus rcaya bagus"
"881"," vaksin  rcaya l kurus rcaya bagus"
"882"," vaksin  rcaya l kurus rcaya bagus"
"883"," vaksin  rcaya  mengandung makan kicaanak  hitam rcaya lak"
"884"," vaksin  rcaya duduk  bantal tumbuh bisul rcaya lak"
"885"," vaksin  rcaya  mengandung makan kicaanak  hitam rcaya lak"
"886"," vaksin  rcaya gambar random netizen uoad  caion orang   terbuka je  namk a  namk rc"
"887"," vaksin  rcaya  mengandung makan kicaanak  hitam rcaya lak"
"888"," vaksin  rcaya  mengandung makan kicaanak  hitam rcaya lak"
"889"," vaksin  rcaya l kurus rcaya bagus"
"890"," vaksin  rcaya  mengandung makan kicaanak  hitam rcaya lak"
"891","  sy divaksinasi datkah sy berhenti mendisinfeksi tangan sy   sy memvaksinasi  sy am kak "
"892"," vaksin  rcaya l kurus rcaya bagus"
"893"," vaksin  rcaya  mengandung makan kicaanak  hitam rcaya lak"
"894"," komnas kipi  menerima  laran efek samng terkait vaksin corona buatan sinovac r selasa   keterangann"
"895"," vaksin  rcaya buaya cakasumh b i sayang u sorang je love u now n forever takkan jum nganti rcaya"
"896"," vaksin  rcaya janji manis lelaki rcaya ak"
"897"," vaksin  rcaya janji manis lelaki rcaya ak"
"898"," vaksin  rcaya rahsia anak rtama sami anak  rcaya lak"
"899"," temen gua kena covid x gejala infeksi   berat  yg rtama sam esyok asli   vaksin mendin"
"900"," vaksin  rcaya l kurus rcaya bagus"
"901"," vaksin  rcaya gambar random netizen uoad  caion orang   terbuka je  namk a  namk rc"
"902"," vaksin  rcaya  mengandung makan kicaanak  hitam rcaya lak"
"903"," vaksin  rcaya l kurus rcaya bagus"
"904"," kaki tangan alatobatvaksin   setiamerintahan  negara"
"905"," vaksin  rcaya l kurus rcaya bagus"
"906"," vaksin  rcaya janji manis lelaki rcaya ak"
"907","  risau menerima bebera vaksin      selamat komunikasikitavaksincovid jabatanpenera"
"908","  faktanya  ra laskar  menunggu dgn   dgn gah nantangin arat    yg tewas dl"
"909"," webminar  panglima tni loh beliau  berbagi ngalaman menerima vaksin  laninnyakuy  daftark "
"910"," vaksin  rcaya duduk  bantal tumbuh bisul rcaya lak"
"911"," vaksin  rcaya  mengandung makan kicaanak  hitam rcaya lak"
"912"," vaksin  rcaya l kurus rcaya bagus"
"913"," idi  kaki tangan mafia alatobat  vaksin"
"914"," vaksin  rcaya l kurus rcaya bagus"
"915"," vaksin  rcaya l kurus rcaya bagus"
"916"," vaksin  rcaya l kurus rcaya bagus"
"917"," vaksin  rcaya l kurus rcaya bagus"
"918"," vaksin  rcaya janji manis lelaki rcaya ak"
"919"," vaksin  rcaya  mengandung makan kicaanak  hitam rcaya lak"
"920"," vaksin  rcaya  mengandung makan kicaanak  hitam rcaya lak"
"921"," vaksin  rcaya janji manis lelaki rcaya ak"
"922"," vaksin  rcaya  mengandung makan kicaanak  hitam rcaya lak"
"923"," vaksin  rcaya janji manis lelaki rcaya ak"
"924"," vaksin  rcaya janji manis lelaki rcaya ak"
"925"," vaksin  rcaya  mengandung makan kicaanak  hitam rcaya lak"
"926"," vaksin  rcaya l kurus rcaya bagus"
"927"," vaksin  rcaya l kurus rcaya bagus"
"928","    mendatkan vaksin corona "
"929"," vaksin  rcaya  mengandung makan kicaanak  hitam rcaya lak"
"930"," vaksin   keselamatan  kesehatan    salah  ikhtiar   merintah  memerangi ndemi"
"931"," vaksin  rcaya  mengandung makan kicaanak  hitam rcaya lak"
"932"," cmtangkal hoax vaksin kovid"
"933"," vaksin  rcaya  mengandung makan kicaanak  hitam rcaya lak"
"934"," lha skrg jg kyak gtu kbetulan rumah dkt gudang "
"935","    dijadwalkan teta   hadir  vaksinsedang sakit   njadwalan vaksinasi ulang"
"936"," ga tebakandr  bingung dijewer ma bluebirdmari seruan yuuksoal   cmjawab  reayclue gt  c"
"937"," vaksin  rcaya l kurus rcaya bagus"
"938"," vaksin  rcaya janji manis lelaki rcaya ak"
"939"," vaksin  rcaya janji manis lelaki rcaya ak"
"940"," pendistribusian vaksin covid tahap  termin   kota surabayadulursehatsby pemerintah kota surabaya"
"941"," vaksin  rcaya l kurus rcaya bagus"
"942","   vaksincovid dosis rtama a  dirasain pas disuntik   nyeri observasi  menit  vaksin"
"943","  udah  vaksin blom"
"944","bilang saudaramuikutanvaksinyukkita tut bangga da pemerintahan  yg  mengamankan vaksin sinovac  "
"945","vaksin  rcaya rahsia anak rtama sami anak  rcaya lak"
"946"," vaksin  rcaya l kurus rcaya bagus"
"947"," vaksin  rcaya  mengandung makan kicaanak  hitam rcaya lak"
"948"," vaksin  rcaya janji manis lelaki rcaya ak"
"949"," vaksin  rcaya  mengandung makan kicaanak  hitam rcaya lak"
"950"," vaksin  rcaya  mengandung makan kicaanak  hitam rcaya lak"
"951"," vaksin  rcaya  mengandung makan kicaanak  hitam rcaya lak"
"952"," vaksin  rcaya janji manis lelaki rcaya ak"
"953"," vaksin  rcaya l kurus rcaya bagus"
"954"," vaksin  rcaya  mengandung makan kicaanak  hitam rcaya lak"
"955"," vaksin  rcaya l kurus rcaya bagus"
"956"," vaksin sinovac sdh diuji  tiongkok indonesia brazil  turkiaman krn sdh mendat izin emergency use authorization"
"957"," vaksin  rcaya l kurus rcaya bagus"
"958"," i harasemua litician sitif  vaksin sami bak selfish order vaksin wer utk golongan  je"
"959"," vaksin  rcaya  mengandung makan kicaanak  hitam rcaya lak"
"960"," vaksin  rcaya l kurus rcaya bagus"
"961","  nies nyerah  lemr handuk krn tdk sanggulagi menangani covid   merintah sat utk mengambil"
"962"," vaksin  rcaya  mengandung makan kicaanak  hitam rcaya lak"
"963"," vaksin  rcaya janji manis lelaki rcaya ak"
"964"," vaksin  rcaya  mengandung makan kicaanak  hitam rcaya lak"
"965"," vaksin  rcaya  mengandung makan kicaanak  hitam rcaya lak"
"966"," vaksin  rcaya l kurus rcaya bagus"
"967"," vaksin  rcaya  mengandung makan kicaanak  hitam rcaya lak"
"968"," vaksin  rcaya buaya cakasumh b i sayang u sorang je love u now n forever takkan jum nganti rcaya"
"969"," vaksin  rcaya l kurus rcaya bagus"
"970"," vaksin  rcaya  mengandung makan kicaanak  hitam rcaya lak"
"971"," vaksin  rcaya l kurus rcaya bagus"
"972","  rlu bandingin  ahok kali  leveltangkal hoax vaksin kovidawasfpiulargantikulit"
"973"," vaksin  rcaya l kurus rcaya bagus"
"974"," vaksin  rcaya l kurus rcaya bagus"
"975"," vaksin  rcaya  mengandung makan kicaanak  hitam rcaya lak"
"976"," vaksin  kubutuhkan "
"977"," ga tebakandr  bingung dijewer ma bluebirdmari seruan yuuksoal   cmjawab  reayclue gt  c"
"978"," vaksin  rcaya janji manis lelaki rcaya ak"
"979"," vaksin  rcaya janji manis lelaki rcaya ak"
"980"," vaksin  rcaya janji manis lelaki rcaya ak"
"981"," vaksin  rcaya  mengandung makan kicaanak  hitam rcaya lak"
"982"," vaksin  rcaya janji manis lelaki rcaya ak"
"983"," ya  stilah vaksin benda cair kalow chi "
"984"," vaksin  rcaya  mengandung makan kicaanak  hitam rcaya lak"
"985"," vaksin  rcaya janji manis lelaki rcaya ak"
"986"," vaksin  rcaya janji manis lelaki rcaya ak"
"987"," vaksin  rcaya  mengandung makan kicaanak  hitam rcaya lak"
"988"," vaksin  rcaya  mengandung makan kicaanak  hitam rcaya lak"
"989"," vaksin  rcaya  mengandung makan kicaanak  hitam rcaya lak"
"990","   brik kimia farma  bikin vaksin bener ngga "
"991"," pesta  ramai dirbincangkan  dihadiri esenter raffi ahmad    disuntik vaksin covid "
"992"," vaksin  rcaya  mengandung makan kicaanak  hitam rcaya lak"
"993"," vaksin  rcaya l kurus rcaya bagus"
"994"," vaksin  rcaya l kurus rcaya bagus"
"995"," usut tuntas kemilikan senjata  penyandang dana terorisme fpi tangkal hoax vaksin kovidawasfpiulargantikul"
"996"," yg  jawa   manfaatkan hotline vaksin covid   bersamalawancorona "
"997"," vaksin  rcaya l kurus rcaya bagus"
"998"," vaksin  rcaya l kurus rcaya bagus"
"999"," vaksin  rcaya  mengandung makan kicaanak  hitam rcaya lak"
"1000"," vaksin  rcaya l kurus rcaya bagus"
